"chrome","07/02/2018 02:55:06","no such element: Unable to locate element: {"method":"id","selector":"login-form-username"}
  (Session info: chrome=67.0.3396.99)
  (Driver info: chromedriver=2.39.562718 (9a2698cba08cf5a471a29d30c8b3e12becabb0e9),platform=Windows NT 6.3.9600 x86_64) (WARNING: The server did not provide any stacktrace information)
Command duration or timeout: 0 milliseconds
For documentation on this error, please visit: http://seleniumhq.org/exceptions/no_such_element.html
Build info: version: '3.12.0', revision: '7c6e0b3', time: '2018-05-08T14:04:26.12Z'
System info: host: 'LNDN-DEMO', ip: '172.50.50.1', os.name: 'Windows Server 2012 R2', os.arch: 'amd64', os.version: '6.3', java.version: '1.8.0_152'
Driver info: org.openqa.selenium.chrome.ChromeDriver
Capabilities {acceptInsecureCerts: false, acceptSslCerts: false, applicationCacheEnabled: false, browserConnectionEnabled: false, browserName: chrome, chrome: {chromedriverVersion: 2.39.562718 (9a2698cba08cf5..., userDataDir: C:\Users\PANTHE~1\AppData\L...}, cssSelectorsEnabled: true, databaseEnabled: false, handlesAlerts: true, hasTouchScreen: false, javascriptEnabled: true, locationContextEnabled: true, mobileEmulationEnabled: false, nativeEvents: true, networkConnectionEnabled: false, pageLoadStrategy: normal, platform: XP, platformName: XP, rotatable: false, setWindowRect: true, takesHeapSnapshot: true, takesScreenshot: true, unexpectedAlertBehaviour: , unhandledPromptBehavior: , version: 67.0.3396.99, webStorageEnabled: true}
Session ID: 635bef0c2cb667180ffe124670418720
*** Element info: {Using=id, value=login-form-username}"
"chrome","07/03/2018 13:34:04","no such element: Unable to locate element: {"method":"css selector","selector":"tbody.v-treegrid-body td"}
  (Session info: chrome=67.0.3396.99)
  (Driver info: chromedriver=2.39.562718 (9a2698cba08cf5a471a29d30c8b3e12becabb0e9),platform=Windows NT 6.3.9600 x86_64) (WARNING: The server did not provide any stacktrace information)
Command duration or timeout: 0 milliseconds
For documentation on this error, please visit: http://seleniumhq.org/exceptions/no_such_element.html
Build info: version: '3.12.0', revision: '7c6e0b3', time: '2018-05-08T14:04:26.12Z'
System info: host: 'LNDN-DEMO', ip: '172.50.50.1', os.name: 'Windows Server 2012 R2', os.arch: 'amd64', os.version: '6.3', java.version: '1.8.0_152'
Driver info: org.openqa.selenium.chrome.ChromeDriver
Capabilities {acceptInsecureCerts: false, acceptSslCerts: false, applicationCacheEnabled: false, browserConnectionEnabled: false, browserName: chrome, chrome: {chromedriverVersion: 2.39.562718 (9a2698cba08cf5..., userDataDir: C:\Users\PANTHE~1\AppData\L...}, cssSelectorsEnabled: true, databaseEnabled: false, handlesAlerts: true, hasTouchScreen: false, javascriptEnabled: true, locationContextEnabled: true, mobileEmulationEnabled: false, nativeEvents: true, networkConnectionEnabled: false, pageLoadStrategy: normal, platform: XP, platformName: XP, rotatable: false, setWindowRect: true, takesHeapSnapshot: true, takesScreenshot: true, unexpectedAlertBehaviour: , unhandledPromptBehavior: , version: 67.0.3396.99, webStorageEnabled: true}
Session ID: f2542bab15217acaf6882cc2d5288861
*** Element info: {Using=css selector, value=tbody.v-treegrid-body td}"
"chrome","07/03/2018 13:43:49","no such element: Unable to locate element: {"method":"css selector","selector":"tbody.v-treegrid-body td"}
  (Session info: chrome=67.0.3396.99)
  (Driver info: chromedriver=2.39.562718 (9a2698cba08cf5a471a29d30c8b3e12becabb0e9),platform=Windows NT 6.3.9600 x86_64) (WARNING: The server did not provide any stacktrace information)
Command duration or timeout: 0 milliseconds
For documentation on this error, please visit: http://seleniumhq.org/exceptions/no_such_element.html
Build info: version: '3.12.0', revision: '7c6e0b3', time: '2018-05-08T14:04:26.12Z'
System info: host: 'LNDN-DEMO', ip: '172.50.50.1', os.name: 'Windows Server 2012 R2', os.arch: 'amd64', os.version: '6.3', java.version: '1.8.0_152'
Driver info: org.openqa.selenium.chrome.ChromeDriver
Capabilities {acceptInsecureCerts: false, acceptSslCerts: false, applicationCacheEnabled: false, browserConnectionEnabled: false, browserName: chrome, chrome: {chromedriverVersion: 2.39.562718 (9a2698cba08cf5..., userDataDir: C:\Users\PANTHE~1\AppData\L...}, cssSelectorsEnabled: true, databaseEnabled: false, handlesAlerts: true, hasTouchScreen: false, javascriptEnabled: true, locationContextEnabled: true, mobileEmulationEnabled: false, nativeEvents: true, networkConnectionEnabled: false, pageLoadStrategy: normal, platform: XP, platformName: XP, rotatable: false, setWindowRect: true, takesHeapSnapshot: true, takesScreenshot: true, unexpectedAlertBehaviour: , unhandledPromptBehavior: , version: 67.0.3396.99, webStorageEnabled: true}
Session ID: 31c7c51c6f0a14c3ca311ff14c264b31
*** Element info: {Using=css selector, value=tbody.v-treegrid-body td}"
"ie","07/03/2018 13:47:05","Unable to find element with css selector == tbody.v-treegrid-body td
For documentation on this error, please visit: http://seleniumhq.org/exceptions/no_such_element.html
Build info: version: '3.12.0', revision: '7c6e0b3', time: '2018-05-08T14:04:26.12Z'
System info: host: 'LNDN-DEMO', ip: '172.50.50.1', os.name: 'Windows Server 2012 R2', os.arch: 'amd64', os.version: '6.3', java.version: '1.8.0_152'
Driver info: org.openqa.selenium.ie.InternetExplorerDriver
Capabilities {acceptInsecureCerts: false, browserName: internet explorer, browserVersion: 11, javascriptEnabled: true, pageLoadStrategy: normal, platform: WINDOWS, platformName: WINDOWS, proxy: Proxy(), se:ieOptions: {browserAttachTimeout: 0, elementScrollBehavior: 0, enablePersistentHover: true, ie.browserCommandLineSwitches: , ie.ensureCleanSession: false, ie.fileUploadDialogTimeout: 3000, ie.forceCreateProcessApi: false, ignoreProtectedModeSettings: false, ignoreZoomSetting: false, initialBrowserUrl: https://clinicalconnect.ca/..., nativeEvents: true, requireWindowFocus: false}, setWindowRect: true, timeouts: {implicit: 0, pageLoad: 300000, script: 30000}}
Session ID: 427b07e4-36ac-4310-93d7-52d1ff5630f8
*** Element info: {Using=css selector, value=tbody.v-treegrid-body td}"
"ie","07/03/2018 13:56:53","Unable to find element with css selector == tbody.v-treegrid-body td
For documentation on this error, please visit: http://seleniumhq.org/exceptions/no_such_element.html
Build info: version: '3.12.0', revision: '7c6e0b3', time: '2018-05-08T14:04:26.12Z'
System info: host: 'LNDN-DEMO', ip: '172.50.50.1', os.name: 'Windows Server 2012 R2', os.arch: 'amd64', os.version: '6.3', java.version: '1.8.0_152'
Driver info: org.openqa.selenium.ie.InternetExplorerDriver
Capabilities {acceptInsecureCerts: false, browserName: internet explorer, browserVersion: 11, javascriptEnabled: true, pageLoadStrategy: normal, platform: WINDOWS, platformName: WINDOWS, proxy: Proxy(), se:ieOptions: {browserAttachTimeout: 0, elementScrollBehavior: 0, enablePersistentHover: true, ie.browserCommandLineSwitches: , ie.ensureCleanSession: false, ie.fileUploadDialogTimeout: 3000, ie.forceCreateProcessApi: false, ignoreProtectedModeSettings: false, ignoreZoomSetting: false, initialBrowserUrl: https://clinicalconnect.ca/..., nativeEvents: true, requireWindowFocus: false}, setWindowRect: true, timeouts: {implicit: 0, pageLoad: 300000, script: 30000}}
Session ID: 76e1f7f2-16a4-46e4-a4c9-2b8606b76839
*** Element info: {Using=css selector, value=tbody.v-treegrid-body td}"
"chrome","07/03/2018 14:00:05","no such element: Unable to locate element: {"method":"css selector","selector":"tbody.v-treegrid-body td"}
  (Session info: chrome=67.0.3396.99)
  (Driver info: chromedriver=2.39.562718 (9a2698cba08cf5a471a29d30c8b3e12becabb0e9),platform=Windows NT 6.3.9600 x86_64) (WARNING: The server did not provide any stacktrace information)
Command duration or timeout: 0 milliseconds
For documentation on this error, please visit: http://seleniumhq.org/exceptions/no_such_element.html
Build info: version: '3.12.0', revision: '7c6e0b3', time: '2018-05-08T14:04:26.12Z'
System info: host: 'LNDN-DEMO', ip: '172.50.50.1', os.name: 'Windows Server 2012 R2', os.arch: 'amd64', os.version: '6.3', java.version: '1.8.0_152'
Driver info: org.openqa.selenium.chrome.ChromeDriver
Capabilities {acceptInsecureCerts: false, acceptSslCerts: false, applicationCacheEnabled: false, browserConnectionEnabled: false, browserName: chrome, chrome: {chromedriverVersion: 2.39.562718 (9a2698cba08cf5..., userDataDir: C:\Users\PANTHE~1\AppData\L...}, cssSelectorsEnabled: true, databaseEnabled: false, handlesAlerts: true, hasTouchScreen: false, javascriptEnabled: true, locationContextEnabled: true, mobileEmulationEnabled: false, nativeEvents: true, networkConnectionEnabled: false, pageLoadStrategy: normal, platform: XP, platformName: XP, rotatable: false, setWindowRect: true, takesHeapSnapshot: true, takesScreenshot: true, unexpectedAlertBehaviour: , unhandledPromptBehavior: , version: 67.0.3396.99, webStorageEnabled: true}
Session ID: 357fe993b734c9f64404a51a98fa87b8
*** Element info: {Using=css selector, value=tbody.v-treegrid-body td}"
"ie","07/03/2018 14:09:53","Unable to find element with css selector == tbody.v-treegrid-body td
For documentation on this error, please visit: http://seleniumhq.org/exceptions/no_such_element.html
Build info: version: '3.12.0', revision: '7c6e0b3', time: '2018-05-08T14:04:26.12Z'
System info: host: 'LNDN-DEMO', ip: '172.50.50.1', os.name: 'Windows Server 2012 R2', os.arch: 'amd64', os.version: '6.3', java.version: '1.8.0_152'
Driver info: org.openqa.selenium.ie.InternetExplorerDriver
Capabilities {acceptInsecureCerts: false, browserName: internet explorer, browserVersion: 11, javascriptEnabled: true, pageLoadStrategy: normal, platform: WINDOWS, platformName: WINDOWS, proxy: Proxy(), se:ieOptions: {browserAttachTimeout: 0, elementScrollBehavior: 0, enablePersistentHover: true, ie.browserCommandLineSwitches: , ie.ensureCleanSession: false, ie.fileUploadDialogTimeout: 3000, ie.forceCreateProcessApi: false, ignoreProtectedModeSettings: false, ignoreZoomSetting: false, initialBrowserUrl: https://clinicalconnect.ca/..., nativeEvents: true, requireWindowFocus: false}, setWindowRect: true, timeouts: {implicit: 0, pageLoad: 300000, script: 30000}}
Session ID: 4769e2a0-27f7-4693-a74e-d0c0b7022920
*** Element info: {Using=css selector, value=tbody.v-treegrid-body td}"
"chrome","07/03/2018 14:13:05","no such element: Unable to locate element: {"method":"css selector","selector":"tbody.v-treegrid-body td"}
  (Session info: chrome=67.0.3396.99)
  (Driver info: chromedriver=2.39.562718 (9a2698cba08cf5a471a29d30c8b3e12becabb0e9),platform=Windows NT 6.3.9600 x86_64) (WARNING: The server did not provide any stacktrace information)
Command duration or timeout: 0 milliseconds
For documentation on this error, please visit: http://seleniumhq.org/exceptions/no_such_element.html
Build info: version: '3.12.0', revision: '7c6e0b3', time: '2018-05-08T14:04:26.12Z'
System info: host: 'LNDN-DEMO', ip: '172.50.50.1', os.name: 'Windows Server 2012 R2', os.arch: 'amd64', os.version: '6.3', java.version: '1.8.0_152'
Driver info: org.openqa.selenium.chrome.ChromeDriver
Capabilities {acceptInsecureCerts: false, acceptSslCerts: false, applicationCacheEnabled: false, browserConnectionEnabled: false, browserName: chrome, chrome: {chromedriverVersion: 2.39.562718 (9a2698cba08cf5..., userDataDir: C:\Users\PANTHE~1\AppData\L...}, cssSelectorsEnabled: true, databaseEnabled: false, handlesAlerts: true, hasTouchScreen: false, javascriptEnabled: true, locationContextEnabled: true, mobileEmulationEnabled: false, nativeEvents: true, networkConnectionEnabled: false, pageLoadStrategy: normal, platform: XP, platformName: XP, rotatable: false, setWindowRect: true, takesHeapSnapshot: true, takesScreenshot: true, unexpectedAlertBehaviour: , unhandledPromptBehavior: , version: 67.0.3396.99, webStorageEnabled: true}
Session ID: b15728efebe94dc914868700e6a37550
*** Element info: {Using=css selector, value=tbody.v-treegrid-body td}"
"chrome","07/03/2018 14:22:51","no such element: Unable to locate element: {"method":"css selector","selector":"tbody.v-treegrid-body td"}
  (Session info: chrome=67.0.3396.99)
  (Driver info: chromedriver=2.39.562718 (9a2698cba08cf5a471a29d30c8b3e12becabb0e9),platform=Windows NT 6.3.9600 x86_64) (WARNING: The server did not provide any stacktrace information)
Command duration or timeout: 0 milliseconds
For documentation on this error, please visit: http://seleniumhq.org/exceptions/no_such_element.html
Build info: version: '3.12.0', revision: '7c6e0b3', time: '2018-05-08T14:04:26.12Z'
System info: host: 'LNDN-DEMO', ip: '172.50.50.1', os.name: 'Windows Server 2012 R2', os.arch: 'amd64', os.version: '6.3', java.version: '1.8.0_152'
Driver info: org.openqa.selenium.chrome.ChromeDriver
Capabilities {acceptInsecureCerts: false, acceptSslCerts: false, applicationCacheEnabled: false, browserConnectionEnabled: false, browserName: chrome, chrome: {chromedriverVersion: 2.39.562718 (9a2698cba08cf5..., userDataDir: C:\Users\PANTHE~1\AppData\L...}, cssSelectorsEnabled: true, databaseEnabled: false, handlesAlerts: true, hasTouchScreen: false, javascriptEnabled: true, locationContextEnabled: true, mobileEmulationEnabled: false, nativeEvents: true, networkConnectionEnabled: false, pageLoadStrategy: normal, platform: XP, platformName: XP, rotatable: false, setWindowRect: true, takesHeapSnapshot: true, takesScreenshot: true, unexpectedAlertBehaviour: , unhandledPromptBehavior: , version: 67.0.3396.99, webStorageEnabled: true}
Session ID: 79292b3ce4b1209bc52ee609d63c75ae
*** Element info: {Using=css selector, value=tbody.v-treegrid-body td}"
"ie","07/03/2018 14:26:06","Unable to find element with css selector == tbody.v-treegrid-body td
For documentation on this error, please visit: http://seleniumhq.org/exceptions/no_such_element.html
Build info: version: '3.12.0', revision: '7c6e0b3', time: '2018-05-08T14:04:26.12Z'
System info: host: 'LNDN-DEMO', ip: '172.50.50.1', os.name: 'Windows Server 2012 R2', os.arch: 'amd64', os.version: '6.3', java.version: '1.8.0_152'
Driver info: org.openqa.selenium.ie.InternetExplorerDriver
Capabilities {acceptInsecureCerts: false, browserName: internet explorer, browserVersion: 11, javascriptEnabled: true, pageLoadStrategy: normal, platform: WINDOWS, platformName: WINDOWS, proxy: Proxy(), se:ieOptions: {browserAttachTimeout: 0, elementScrollBehavior: 0, enablePersistentHover: true, ie.browserCommandLineSwitches: , ie.ensureCleanSession: false, ie.fileUploadDialogTimeout: 3000, ie.forceCreateProcessApi: false, ignoreProtectedModeSettings: false, ignoreZoomSetting: false, initialBrowserUrl: https://clinicalconnect.ca/..., nativeEvents: true, requireWindowFocus: false}, setWindowRect: true, timeouts: {implicit: 0, pageLoad: 300000, script: 30000}}
Session ID: f43e5b1c-9ca9-4a58-b725-d35e03c18884
*** Element info: {Using=css selector, value=tbody.v-treegrid-body td}"
"chrome","07/03/2018 14:35:51","no such element: Unable to locate element: {"method":"css selector","selector":"tbody.v-treegrid-body td"}
  (Session info: chrome=67.0.3396.99)
  (Driver info: chromedriver=2.39.562718 (9a2698cba08cf5a471a29d30c8b3e12becabb0e9),platform=Windows NT 6.3.9600 x86_64) (WARNING: The server did not provide any stacktrace information)
Command duration or timeout: 0 milliseconds
For documentation on this error, please visit: http://seleniumhq.org/exceptions/no_such_element.html
Build info: version: '3.12.0', revision: '7c6e0b3', time: '2018-05-08T14:04:26.12Z'
System info: host: 'LNDN-DEMO', ip: '172.50.50.1', os.name: 'Windows Server 2012 R2', os.arch: 'amd64', os.version: '6.3', java.version: '1.8.0_152'
Driver info: org.openqa.selenium.chrome.ChromeDriver
Capabilities {acceptInsecureCerts: false, acceptSslCerts: false, applicationCacheEnabled: false, browserConnectionEnabled: false, browserName: chrome, chrome: {chromedriverVersion: 2.39.562718 (9a2698cba08cf5..., userDataDir: C:\Users\PANTHE~1\AppData\L...}, cssSelectorsEnabled: true, databaseEnabled: false, handlesAlerts: true, hasTouchScreen: false, javascriptEnabled: true, locationContextEnabled: true, mobileEmulationEnabled: false, nativeEvents: true, networkConnectionEnabled: false, pageLoadStrategy: normal, platform: XP, platformName: XP, rotatable: false, setWindowRect: true, takesHeapSnapshot: true, takesScreenshot: true, unexpectedAlertBehaviour: , unhandledPromptBehavior: , version: 67.0.3396.99, webStorageEnabled: true}
Session ID: 4b83abccd68c5d0304962f9a1ffe9781
*** Element info: {Using=css selector, value=tbody.v-treegrid-body td}"
"ie","07/03/2018 14:39:07","Unable to find element with css selector == tbody.v-treegrid-body td
For documentation on this error, please visit: http://seleniumhq.org/exceptions/no_such_element.html
Build info: version: '3.12.0', revision: '7c6e0b3', time: '2018-05-08T14:04:26.12Z'
System info: host: 'LNDN-DEMO', ip: '172.50.50.1', os.name: 'Windows Server 2012 R2', os.arch: 'amd64', os.version: '6.3', java.version: '1.8.0_152'
Driver info: org.openqa.selenium.ie.InternetExplorerDriver
Capabilities {acceptInsecureCerts: false, browserName: internet explorer, browserVersion: 11, javascriptEnabled: true, pageLoadStrategy: normal, platform: WINDOWS, platformName: WINDOWS, proxy: Proxy(), se:ieOptions: {browserAttachTimeout: 0, elementScrollBehavior: 0, enablePersistentHover: true, ie.browserCommandLineSwitches: , ie.ensureCleanSession: false, ie.fileUploadDialogTimeout: 3000, ie.forceCreateProcessApi: false, ignoreProtectedModeSettings: false, ignoreZoomSetting: false, initialBrowserUrl: https://clinicalconnect.ca/..., nativeEvents: true, requireWindowFocus: false}, setWindowRect: true, timeouts: {implicit: 0, pageLoad: 300000, script: 30000}}
Session ID: ff24e25e-e902-4c29-859d-64ee9475fb26
*** Element info: {Using=css selector, value=tbody.v-treegrid-body td}"
"ie","07/03/2018 14:48:56","Unable to find element with css selector == tbody.v-treegrid-body td
For documentation on this error, please visit: http://seleniumhq.org/exceptions/no_such_element.html
Build info: version: '3.12.0', revision: '7c6e0b3', time: '2018-05-08T14:04:26.12Z'
System info: host: 'LNDN-DEMO', ip: '172.50.50.1', os.name: 'Windows Server 2012 R2', os.arch: 'amd64', os.version: '6.3', java.version: '1.8.0_152'
Driver info: org.openqa.selenium.ie.InternetExplorerDriver
Capabilities {acceptInsecureCerts: false, browserName: internet explorer, browserVersion: 11, javascriptEnabled: true, pageLoadStrategy: normal, platform: WINDOWS, platformName: WINDOWS, proxy: Proxy(), se:ieOptions: {browserAttachTimeout: 0, elementScrollBehavior: 0, enablePersistentHover: true, ie.browserCommandLineSwitches: , ie.ensureCleanSession: false, ie.fileUploadDialogTimeout: 3000, ie.forceCreateProcessApi: false, ignoreProtectedModeSettings: false, ignoreZoomSetting: false, initialBrowserUrl: https://clinicalconnect.ca/..., nativeEvents: true, requireWindowFocus: false}, setWindowRect: true, timeouts: {implicit: 0, pageLoad: 300000, script: 30000}}
Session ID: 4458c018-f8b6-4cc2-b022-367e1787c99d
*** Element info: {Using=css selector, value=tbody.v-treegrid-body td}"
"chrome","07/03/2018 14:52:08","no such element: Unable to locate element: {"method":"css selector","selector":"tbody.v-treegrid-body td"}
  (Session info: chrome=67.0.3396.99)
  (Driver info: chromedriver=2.39.562718 (9a2698cba08cf5a471a29d30c8b3e12becabb0e9),platform=Windows NT 6.3.9600 x86_64) (WARNING: The server did not provide any stacktrace information)
Command duration or timeout: 0 milliseconds
For documentation on this error, please visit: http://seleniumhq.org/exceptions/no_such_element.html
Build info: version: '3.12.0', revision: '7c6e0b3', time: '2018-05-08T14:04:26.12Z'
System info: host: 'LNDN-DEMO', ip: '172.50.50.1', os.name: 'Windows Server 2012 R2', os.arch: 'amd64', os.version: '6.3', java.version: '1.8.0_152'
Driver info: org.openqa.selenium.chrome.ChromeDriver
Capabilities {acceptInsecureCerts: false, acceptSslCerts: false, applicationCacheEnabled: false, browserConnectionEnabled: false, browserName: chrome, chrome: {chromedriverVersion: 2.39.562718 (9a2698cba08cf5..., userDataDir: C:\Users\PANTHE~1\AppData\L...}, cssSelectorsEnabled: true, databaseEnabled: false, handlesAlerts: true, hasTouchScreen: false, javascriptEnabled: true, locationContextEnabled: true, mobileEmulationEnabled: false, nativeEvents: true, networkConnectionEnabled: false, pageLoadStrategy: normal, platform: XP, platformName: XP, rotatable: false, setWindowRect: true, takesHeapSnapshot: true, takesScreenshot: true, unexpectedAlertBehaviour: , unhandledPromptBehavior: , version: 67.0.3396.99, webStorageEnabled: true}
Session ID: 7318bd334de05fc13f565c6cb980e5bd
*** Element info: {Using=css selector, value=tbody.v-treegrid-body td}"
"ie","07/03/2018 15:01:56","Unable to find element with css selector == tbody.v-treegrid-body td
For documentation on this error, please visit: http://seleniumhq.org/exceptions/no_such_element.html
Build info: version: '3.12.0', revision: '7c6e0b3', time: '2018-05-08T14:04:26.12Z'
System info: host: 'LNDN-DEMO', ip: '172.50.50.1', os.name: 'Windows Server 2012 R2', os.arch: 'amd64', os.version: '6.3', java.version: '1.8.0_152'
Driver info: org.openqa.selenium.ie.InternetExplorerDriver
Capabilities {acceptInsecureCerts: false, browserName: internet explorer, browserVersion: 11, javascriptEnabled: true, pageLoadStrategy: normal, platform: WINDOWS, platformName: WINDOWS, proxy: Proxy(), se:ieOptions: {browserAttachTimeout: 0, elementScrollBehavior: 0, enablePersistentHover: true, ie.browserCommandLineSwitches: , ie.ensureCleanSession: false, ie.fileUploadDialogTimeout: 3000, ie.forceCreateProcessApi: false, ignoreProtectedModeSettings: false, ignoreZoomSetting: false, initialBrowserUrl: https://clinicalconnect.ca/..., nativeEvents: true, requireWindowFocus: false}, setWindowRect: true, timeouts: {implicit: 0, pageLoad: 300000, script: 30000}}
Session ID: dfedc0af-49d6-42b5-9613-28a972cab181
*** Element info: {Using=css selector, value=tbody.v-treegrid-body td}"
"chrome","07/03/2018 15:05:08","no such element: Unable to locate element: {"method":"css selector","selector":"tbody.v-treegrid-body td"}
  (Session info: chrome=67.0.3396.99)
  (Driver info: chromedriver=2.39.562718 (9a2698cba08cf5a471a29d30c8b3e12becabb0e9),platform=Windows NT 6.3.9600 x86_64) (WARNING: The server did not provide any stacktrace information)
Command duration or timeout: 0 milliseconds
For documentation on this error, please visit: http://seleniumhq.org/exceptions/no_such_element.html
Build info: version: '3.12.0', revision: '7c6e0b3', time: '2018-05-08T14:04:26.12Z'
System info: host: 'LNDN-DEMO', ip: '172.50.50.1', os.name: 'Windows Server 2012 R2', os.arch: 'amd64', os.version: '6.3', java.version: '1.8.0_152'
Driver info: org.openqa.selenium.chrome.ChromeDriver
Capabilities {acceptInsecureCerts: false, acceptSslCerts: false, applicationCacheEnabled: false, browserConnectionEnabled: false, browserName: chrome, chrome: {chromedriverVersion: 2.39.562718 (9a2698cba08cf5..., userDataDir: C:\Users\PANTHE~1\AppData\L...}, cssSelectorsEnabled: true, databaseEnabled: false, handlesAlerts: true, hasTouchScreen: false, javascriptEnabled: true, locationContextEnabled: true, mobileEmulationEnabled: false, nativeEvents: true, networkConnectionEnabled: false, pageLoadStrategy: normal, platform: XP, platformName: XP, rotatable: false, setWindowRect: true, takesHeapSnapshot: true, takesScreenshot: true, unexpectedAlertBehaviour: , unhandledPromptBehavior: , version: 67.0.3396.99, webStorageEnabled: true}
Session ID: 5616da9edaf087971a532e00a72d8d15
*** Element info: {Using=css selector, value=tbody.v-treegrid-body td}"
"ie","07/03/2018 15:14:57","Unable to find element with css selector == tbody.v-treegrid-body td
For documentation on this error, please visit: http://seleniumhq.org/exceptions/no_such_element.html
Build info: version: '3.12.0', revision: '7c6e0b3', time: '2018-05-08T14:04:26.12Z'
System info: host: 'LNDN-DEMO', ip: '172.50.50.1', os.name: 'Windows Server 2012 R2', os.arch: 'amd64', os.version: '6.3', java.version: '1.8.0_152'
Driver info: org.openqa.selenium.ie.InternetExplorerDriver
Capabilities {acceptInsecureCerts: false, browserName: internet explorer, browserVersion: 11, javascriptEnabled: true, pageLoadStrategy: normal, platform: WINDOWS, platformName: WINDOWS, proxy: Proxy(), se:ieOptions: {browserAttachTimeout: 0, elementScrollBehavior: 0, enablePersistentHover: true, ie.browserCommandLineSwitches: , ie.ensureCleanSession: false, ie.fileUploadDialogTimeout: 3000, ie.forceCreateProcessApi: false, ignoreProtectedModeSettings: false, ignoreZoomSetting: false, initialBrowserUrl: https://clinicalconnect.ca/..., nativeEvents: true, requireWindowFocus: false}, setWindowRect: true, timeouts: {implicit: 0, pageLoad: 300000, script: 30000}}
Session ID: df86b48a-8bad-47b2-833d-c8a1a9a0feef
*** Element info: {Using=css selector, value=tbody.v-treegrid-body td}"
"chrome","07/03/2018 15:18:08","no such element: Unable to locate element: {"method":"css selector","selector":"tbody.v-treegrid-body td"}
  (Session info: chrome=67.0.3396.99)
  (Driver info: chromedriver=2.39.562718 (9a2698cba08cf5a471a29d30c8b3e12becabb0e9),platform=Windows NT 6.3.9600 x86_64) (WARNING: The server did not provide any stacktrace information)
Command duration or timeout: 0 milliseconds
For documentation on this error, please visit: http://seleniumhq.org/exceptions/no_such_element.html
Build info: version: '3.12.0', revision: '7c6e0b3', time: '2018-05-08T14:04:26.12Z'
System info: host: 'LNDN-DEMO', ip: '172.50.50.1', os.name: 'Windows Server 2012 R2', os.arch: 'amd64', os.version: '6.3', java.version: '1.8.0_152'
Driver info: org.openqa.selenium.chrome.ChromeDriver
Capabilities {acceptInsecureCerts: false, acceptSslCerts: false, applicationCacheEnabled: false, browserConnectionEnabled: false, browserName: chrome, chrome: {chromedriverVersion: 2.39.562718 (9a2698cba08cf5..., userDataDir: C:\Users\PANTHE~1\AppData\L...}, cssSelectorsEnabled: true, databaseEnabled: false, handlesAlerts: true, hasTouchScreen: false, javascriptEnabled: true, locationContextEnabled: true, mobileEmulationEnabled: false, nativeEvents: true, networkConnectionEnabled: false, pageLoadStrategy: normal, platform: XP, platformName: XP, rotatable: false, setWindowRect: true, takesHeapSnapshot: true, takesScreenshot: true, unexpectedAlertBehaviour: , unhandledPromptBehavior: , version: 67.0.3396.99, webStorageEnabled: true}
Session ID: 2e25d219dddae9d1b0c5e6f4d1f51284
*** Element info: {Using=css selector, value=tbody.v-treegrid-body td}"
"chrome","07/03/2018 15:27:53","no such element: Unable to locate element: {"method":"css selector","selector":"tbody.v-treegrid-body td"}
  (Session info: chrome=67.0.3396.99)
  (Driver info: chromedriver=2.39.562718 (9a2698cba08cf5a471a29d30c8b3e12becabb0e9),platform=Windows NT 6.3.9600 x86_64) (WARNING: The server did not provide any stacktrace information)
Command duration or timeout: 0 milliseconds
For documentation on this error, please visit: http://seleniumhq.org/exceptions/no_such_element.html
Build info: version: '3.12.0', revision: '7c6e0b3', time: '2018-05-08T14:04:26.12Z'
System info: host: 'LNDN-DEMO', ip: '172.50.50.1', os.name: 'Windows Server 2012 R2', os.arch: 'amd64', os.version: '6.3', java.version: '1.8.0_152'
Driver info: org.openqa.selenium.chrome.ChromeDriver
Capabilities {acceptInsecureCerts: false, acceptSslCerts: false, applicationCacheEnabled: false, browserConnectionEnabled: false, browserName: chrome, chrome: {chromedriverVersion: 2.39.562718 (9a2698cba08cf5..., userDataDir: C:\Users\PANTHE~1\AppData\L...}, cssSelectorsEnabled: true, databaseEnabled: false, handlesAlerts: true, hasTouchScreen: false, javascriptEnabled: true, locationContextEnabled: true, mobileEmulationEnabled: false, nativeEvents: true, networkConnectionEnabled: false, pageLoadStrategy: normal, platform: XP, platformName: XP, rotatable: false, setWindowRect: true, takesHeapSnapshot: true, takesScreenshot: true, unexpectedAlertBehaviour: , unhandledPromptBehavior: , version: 67.0.3396.99, webStorageEnabled: true}
Session ID: 5431a3ddb93926574fac0ea4cc83e86e
*** Element info: {Using=css selector, value=tbody.v-treegrid-body td}"
"chrome","07/04/2018 07:13:40","no such element: Unable to locate element: {"method":"css selector","selector":".override-options :last-child label"}
  (Session info: chrome=67.0.3396.99)
  (Driver info: chromedriver=2.39.562718 (9a2698cba08cf5a471a29d30c8b3e12becabb0e9),platform=Windows NT 6.3.9600 x86_64) (WARNING: The server did not provide any stacktrace information)
Command duration or timeout: 0 milliseconds
For documentation on this error, please visit: http://seleniumhq.org/exceptions/no_such_element.html
Build info: version: '3.12.0', revision: '7c6e0b3', time: '2018-05-08T14:04:26.12Z'
System info: host: 'LNDN-DEMO', ip: '172.50.50.1', os.name: 'Windows Server 2012 R2', os.arch: 'amd64', os.version: '6.3', java.version: '1.8.0_152'
Driver info: org.openqa.selenium.chrome.ChromeDriver
Capabilities {acceptInsecureCerts: false, acceptSslCerts: false, applicationCacheEnabled: false, browserConnectionEnabled: false, browserName: chrome, chrome: {chromedriverVersion: 2.39.562718 (9a2698cba08cf5..., userDataDir: C:\Users\PANTHE~1\AppData\L...}, cssSelectorsEnabled: true, databaseEnabled: false, handlesAlerts: true, hasTouchScreen: false, javascriptEnabled: true, locationContextEnabled: true, mobileEmulationEnabled: false, nativeEvents: true, networkConnectionEnabled: false, pageLoadStrategy: normal, platform: XP, platformName: XP, rotatable: false, setWindowRect: true, takesHeapSnapshot: true, takesScreenshot: true, unexpectedAlertBehaviour: , unhandledPromptBehavior: , version: 67.0.3396.99, webStorageEnabled: true}
Session ID: 2455fc05ef90af1d8faa0dca7dd2ba51
*** Element info: {Using=css selector, value=.override-options :last-child label}"
"ie","07/04/2018 08:27:29","Unable to find element with css selector == .override-options :last-child label
For documentation on this error, please visit: http://seleniumhq.org/exceptions/no_such_element.html
Build info: version: '3.12.0', revision: '7c6e0b3', time: '2018-05-08T14:04:26.12Z'
System info: host: 'LNDN-DEMO', ip: '172.50.50.1', os.name: 'Windows Server 2012 R2', os.arch: 'amd64', os.version: '6.3', java.version: '1.8.0_152'
Driver info: org.openqa.selenium.ie.InternetExplorerDriver
Capabilities {acceptInsecureCerts: false, browserName: internet explorer, browserVersion: 11, javascriptEnabled: true, pageLoadStrategy: normal, platform: WINDOWS, platformName: WINDOWS, proxy: Proxy(), se:ieOptions: {browserAttachTimeout: 0, elementScrollBehavior: 0, enablePersistentHover: true, ie.browserCommandLineSwitches: , ie.ensureCleanSession: false, ie.fileUploadDialogTimeout: 3000, ie.forceCreateProcessApi: false, ignoreProtectedModeSettings: false, ignoreZoomSetting: false, initialBrowserUrl: https://clinicalconnect.ca/..., nativeEvents: true, requireWindowFocus: false}, setWindowRect: true, timeouts: {implicit: 0, pageLoad: 300000, script: 30000}}
Session ID: 952ea67a-1bd1-4930-b485-7b81ba1b4850
*** Element info: {Using=css selector, value=.override-options :last-child label}"
"chrome","07/04/2018 09:21:08","unknown error: Element <input type="text" class="v-textfield v-widget search-field-text-field v-textfield-search-field-text-field v-textfield-focus" maxlength="30" placeholder="Patient Search..." id="header-simple-search" tabindex="0"> is not clickable at point (820, 40). Other element would receive the click: <div class="v-window-modalitycurtain" style="z-index: 10000;"></div>
  (Session info: chrome=67.0.3396.99)
  (Driver info: chromedriver=2.39.562718 (9a2698cba08cf5a471a29d30c8b3e12becabb0e9),platform=Windows NT 6.3.9600 x86_64) (WARNING: The server did not provide any stacktrace information)
Command duration or timeout: 0 milliseconds
Build info: version: '3.12.0', revision: '7c6e0b3', time: '2018-05-08T14:04:26.12Z'
System info: host: 'LNDN-DEMO', ip: '172.50.50.1', os.name: 'Windows Server 2012 R2', os.arch: 'amd64', os.version: '6.3', java.version: '1.8.0_152'
Driver info: org.openqa.selenium.chrome.ChromeDriver
Capabilities {acceptInsecureCerts: false, acceptSslCerts: false, applicationCacheEnabled: false, browserConnectionEnabled: false, browserName: chrome, chrome: {chromedriverVersion: 2.39.562718 (9a2698cba08cf5..., userDataDir: C:\Users\PANTHE~1\AppData\L...}, cssSelectorsEnabled: true, databaseEnabled: false, handlesAlerts: true, hasTouchScreen: false, javascriptEnabled: true, locationContextEnabled: true, mobileEmulationEnabled: false, nativeEvents: true, networkConnectionEnabled: false, pageLoadStrategy: normal, platform: XP, platformName: XP, rotatable: false, setWindowRect: true, takesHeapSnapshot: true, takesScreenshot: true, unexpectedAlertBehaviour: , unhandledPromptBehavior: , version: 67.0.3396.99, webStorageEnabled: true}
Session ID: 6325669b1b7ec1d0e0a7691478a84779"
"ie","07/04/2018 09:55:34","Element not clickable at point (920,40). Other element would receive the click: <div class="v-window-modalitycurtain" style="z-index: 10000;"></div>
Build info: version: '3.12.0', revision: '7c6e0b3', time: '2018-05-08T14:04:26.12Z'
System info: host: 'LNDN-DEMO', ip: '172.50.50.1', os.name: 'Windows Server 2012 R2', os.arch: 'amd64', os.version: '6.3', java.version: '1.8.0_152'
Driver info: org.openqa.selenium.ie.InternetExplorerDriver
Capabilities {acceptInsecureCerts: false, browserName: internet explorer, browserVersion: 11, javascriptEnabled: true, pageLoadStrategy: normal, platform: WINDOWS, platformName: WINDOWS, proxy: Proxy(), se:ieOptions: {browserAttachTimeout: 0, elementScrollBehavior: 0, enablePersistentHover: true, ie.browserCommandLineSwitches: , ie.ensureCleanSession: false, ie.fileUploadDialogTimeout: 3000, ie.forceCreateProcessApi: false, ignoreProtectedModeSettings: false, ignoreZoomSetting: false, initialBrowserUrl: https://clinicalconnect.ca/..., nativeEvents: true, requireWindowFocus: false}, setWindowRect: true, timeouts: {implicit: 0, pageLoad: 300000, script: 30000}}
Session ID: 5a126376-04a0-40c4-8e80-40d3d503e45b"
"chrome","07/04/2018 11:22:42","no such element: Unable to locate element: {"method":"css selector","selector":"tbody.v-treegrid-body td"}
  (Session info: chrome=67.0.3396.99)
  (Driver info: chromedriver=2.39.562718 (9a2698cba08cf5a471a29d30c8b3e12becabb0e9),platform=Windows NT 6.3.9600 x86_64) (WARNING: The server did not provide any stacktrace information)
Command duration or timeout: 0 milliseconds
For documentation on this error, please visit: http://seleniumhq.org/exceptions/no_such_element.html
Build info: version: '3.12.0', revision: '7c6e0b3', time: '2018-05-08T14:04:26.12Z'
System info: host: 'LNDN-DEMO', ip: '172.50.50.1', os.name: 'Windows Server 2012 R2', os.arch: 'amd64', os.version: '6.3', java.version: '1.8.0_152'
Driver info: org.openqa.selenium.chrome.ChromeDriver
Capabilities {acceptInsecureCerts: false, acceptSslCerts: false, applicationCacheEnabled: false, browserConnectionEnabled: false, browserName: chrome, chrome: {chromedriverVersion: 2.39.562718 (9a2698cba08cf5..., userDataDir: C:\Users\PANTHE~1\AppData\L...}, cssSelectorsEnabled: true, databaseEnabled: false, handlesAlerts: true, hasTouchScreen: false, javascriptEnabled: true, locationContextEnabled: true, mobileEmulationEnabled: false, nativeEvents: true, networkConnectionEnabled: false, pageLoadStrategy: normal, platform: XP, platformName: XP, rotatable: false, setWindowRect: true, takesHeapSnapshot: true, takesScreenshot: true, unexpectedAlertBehaviour: , unhandledPromptBehavior: , version: 67.0.3396.99, webStorageEnabled: true}
Session ID: 2aeeb8e6ab34faf8358d317473643511
*** Element info: {Using=css selector, value=tbody.v-treegrid-body td}"
"chrome","07/04/2018 11:41:49","unknown error: Element <input type="text" class="v-textfield v-widget v-textfield-focus search-field-text-field v-textfield-search-field-text-field" maxlength="30" placeholder="Patient Search..." id="header-simple-search" tabindex="0"> is not clickable at point (820, 40). Other element would receive the click: <div class="v-window-modalitycurtain" style="z-index: 10000;"></div>
  (Session info: chrome=67.0.3396.99)
  (Driver info: chromedriver=2.39.562718 (9a2698cba08cf5a471a29d30c8b3e12becabb0e9),platform=Windows NT 6.3.9600 x86_64) (WARNING: The server did not provide any stacktrace information)
Command duration or timeout: 0 milliseconds
Build info: version: '3.12.0', revision: '7c6e0b3', time: '2018-05-08T14:04:26.12Z'
System info: host: 'LNDN-DEMO', ip: '172.50.50.1', os.name: 'Windows Server 2012 R2', os.arch: 'amd64', os.version: '6.3', java.version: '1.8.0_152'
Driver info: org.openqa.selenium.chrome.ChromeDriver
Capabilities {acceptInsecureCerts: false, acceptSslCerts: false, applicationCacheEnabled: false, browserConnectionEnabled: false, browserName: chrome, chrome: {chromedriverVersion: 2.39.562718 (9a2698cba08cf5..., userDataDir: C:\Users\PANTHE~1\AppData\L...}, cssSelectorsEnabled: true, databaseEnabled: false, handlesAlerts: true, hasTouchScreen: false, javascriptEnabled: true, locationContextEnabled: true, mobileEmulationEnabled: false, nativeEvents: true, networkConnectionEnabled: false, pageLoadStrategy: normal, platform: XP, platformName: XP, rotatable: false, setWindowRect: true, takesHeapSnapshot: true, takesScreenshot: true, unexpectedAlertBehaviour: , unhandledPromptBehavior: , version: 67.0.3396.99, webStorageEnabled: true}
Session ID: cb27b6b15fc5d1e9d86ccb286ad0fa3a"
"chrome","07/04/2018 12:07:26","unknown error: Element <input type="text" class="v-textfield v-widget v-textfield-focus search-field-text-field v-textfield-search-field-text-field" maxlength="30" placeholder="Patient Search..." id="header-simple-search" tabindex="0"> is not clickable at point (820, 40). Other element would receive the click: <div class="v-window-modalitycurtain" style="z-index: 10000;"></div>
  (Session info: chrome=67.0.3396.99)
  (Driver info: chromedriver=2.39.562718 (9a2698cba08cf5a471a29d30c8b3e12becabb0e9),platform=Windows NT 6.3.9600 x86_64) (WARNING: The server did not provide any stacktrace information)
Command duration or timeout: 0 milliseconds
Build info: version: '3.12.0', revision: '7c6e0b3', time: '2018-05-08T14:04:26.12Z'
System info: host: 'LNDN-DEMO', ip: '172.50.50.1', os.name: 'Windows Server 2012 R2', os.arch: 'amd64', os.version: '6.3', java.version: '1.8.0_152'
Driver info: org.openqa.selenium.chrome.ChromeDriver
Capabilities {acceptInsecureCerts: false, acceptSslCerts: false, applicationCacheEnabled: false, browserConnectionEnabled: false, browserName: chrome, chrome: {chromedriverVersion: 2.39.562718 (9a2698cba08cf5..., userDataDir: C:\Users\PANTHE~1\AppData\L...}, cssSelectorsEnabled: true, databaseEnabled: false, handlesAlerts: true, hasTouchScreen: false, javascriptEnabled: true, locationContextEnabled: true, mobileEmulationEnabled: false, nativeEvents: true, networkConnectionEnabled: false, pageLoadStrategy: normal, platform: XP, platformName: XP, rotatable: false, setWindowRect: true, takesHeapSnapshot: true, takesScreenshot: true, unexpectedAlertBehaviour: , unhandledPromptBehavior: , version: 67.0.3396.99, webStorageEnabled: true}
Session ID: 4fdf3311094956b9fbfb6ecddd5a0d53"
"ie","07/04/2018 17:12:06","Unable to find element with css selector == tbody.v-treegrid-body td
For documentation on this error, please visit: http://seleniumhq.org/exceptions/no_such_element.html
Build info: version: '3.12.0', revision: '7c6e0b3', time: '2018-05-08T14:04:26.12Z'
System info: host: 'LNDN-DEMO', ip: '172.50.50.1', os.name: 'Windows Server 2012 R2', os.arch: 'amd64', os.version: '6.3', java.version: '1.8.0_152'
Driver info: org.openqa.selenium.ie.InternetExplorerDriver
Capabilities {acceptInsecureCerts: false, browserName: internet explorer, browserVersion: 11, javascriptEnabled: true, pageLoadStrategy: normal, platform: WINDOWS, platformName: WINDOWS, proxy: Proxy(), se:ieOptions: {browserAttachTimeout: 0, elementScrollBehavior: 0, enablePersistentHover: true, ie.browserCommandLineSwitches: , ie.ensureCleanSession: false, ie.fileUploadDialogTimeout: 3000, ie.forceCreateProcessApi: false, ignoreProtectedModeSettings: false, ignoreZoomSetting: false, initialBrowserUrl: https://clinicalconnect.ca/..., nativeEvents: true, requireWindowFocus: false}, setWindowRect: true, timeouts: {implicit: 0, pageLoad: 300000, script: 30000}}
Session ID: 3624ffbc-b6da-4864-9795-4407a17faefb
*** Element info: {Using=css selector, value=tbody.v-treegrid-body td}"
"chrome","07/05/2018 08:24:54","unknown error: Element <input type="text" class="v-textfield v-widget search-field-text-field v-textfield-search-field-text-field v-textfield-focus" maxlength="30" placeholder="Patient Search..." id="header-simple-search" tabindex="0"> is not clickable at point (820, 40). Other element would receive the click: <div class="v-window-modalitycurtain" style="z-index: 10000;"></div>
  (Session info: chrome=67.0.3396.99)
  (Driver info: chromedriver=2.39.562718 (9a2698cba08cf5a471a29d30c8b3e12becabb0e9),platform=Windows NT 6.3.9600 x86_64) (WARNING: The server did not provide any stacktrace information)
Command duration or timeout: 0 milliseconds
Build info: version: '3.12.0', revision: '7c6e0b3', time: '2018-05-08T14:04:26.12Z'
System info: host: 'LNDN-DEMO', ip: '172.50.50.1', os.name: 'Windows Server 2012 R2', os.arch: 'amd64', os.version: '6.3', java.version: '1.8.0_152'
Driver info: org.openqa.selenium.chrome.ChromeDriver
Capabilities {acceptInsecureCerts: false, acceptSslCerts: false, applicationCacheEnabled: false, browserConnectionEnabled: false, browserName: chrome, chrome: {chromedriverVersion: 2.39.562718 (9a2698cba08cf5..., userDataDir: C:\Users\PANTHE~1\AppData\L...}, cssSelectorsEnabled: true, databaseEnabled: false, handlesAlerts: true, hasTouchScreen: false, javascriptEnabled: true, locationContextEnabled: true, mobileEmulationEnabled: false, nativeEvents: true, networkConnectionEnabled: false, pageLoadStrategy: normal, platform: XP, platformName: XP, rotatable: false, setWindowRect: true, takesHeapSnapshot: true, takesScreenshot: true, unexpectedAlertBehaviour: , unhandledPromptBehavior: , version: 67.0.3396.99, webStorageEnabled: true}
Session ID: 45d7a29e87948454480af1cb3683c6cf"
"chrome","07/05/2018 09:04:25","no such element: Unable to locate element: {"method":"css selector","selector":".override-options :last-child label"}
  (Session info: chrome=67.0.3396.99)
  (Driver info: chromedriver=2.39.562718 (9a2698cba08cf5a471a29d30c8b3e12becabb0e9),platform=Windows NT 6.3.9600 x86_64) (WARNING: The server did not provide any stacktrace information)
Command duration or timeout: 0 milliseconds
For documentation on this error, please visit: http://seleniumhq.org/exceptions/no_such_element.html
Build info: version: '3.12.0', revision: '7c6e0b3', time: '2018-05-08T14:04:26.12Z'
System info: host: 'LNDN-DEMO', ip: '172.50.50.1', os.name: 'Windows Server 2012 R2', os.arch: 'amd64', os.version: '6.3', java.version: '1.8.0_152'
Driver info: org.openqa.selenium.chrome.ChromeDriver
Capabilities {acceptInsecureCerts: false, acceptSslCerts: false, applicationCacheEnabled: false, browserConnectionEnabled: false, browserName: chrome, chrome: {chromedriverVersion: 2.39.562718 (9a2698cba08cf5..., userDataDir: C:\Users\PANTHE~1\AppData\L...}, cssSelectorsEnabled: true, databaseEnabled: false, handlesAlerts: true, hasTouchScreen: false, javascriptEnabled: true, locationContextEnabled: true, mobileEmulationEnabled: false, nativeEvents: true, networkConnectionEnabled: false, pageLoadStrategy: normal, platform: XP, platformName: XP, rotatable: false, setWindowRect: true, takesHeapSnapshot: true, takesScreenshot: true, unexpectedAlertBehaviour: , unhandledPromptBehavior: , version: 67.0.3396.99, webStorageEnabled: true}
Session ID: cb93312ffac07dcc38649306131c1ac5
*** Element info: {Using=css selector, value=.override-options :last-child label}"
"chrome","07/05/2018 09:46:12","no such element: Unable to locate element: {"method":"css selector","selector":".override-options :last-child label"}
  (Session info: chrome=67.0.3396.99)
  (Driver info: chromedriver=2.39.562718 (9a2698cba08cf5a471a29d30c8b3e12becabb0e9),platform=Windows NT 6.3.9600 x86_64) (WARNING: The server did not provide any stacktrace information)
Command duration or timeout: 0 milliseconds
For documentation on this error, please visit: http://seleniumhq.org/exceptions/no_such_element.html
Build info: version: '3.12.0', revision: '7c6e0b3', time: '2018-05-08T14:04:26.12Z'
System info: host: 'LNDN-DEMO', ip: '172.50.50.1', os.name: 'Windows Server 2012 R2', os.arch: 'amd64', os.version: '6.3', java.version: '1.8.0_152'
Driver info: org.openqa.selenium.chrome.ChromeDriver
Capabilities {acceptInsecureCerts: false, acceptSslCerts: false, applicationCacheEnabled: false, browserConnectionEnabled: false, browserName: chrome, chrome: {chromedriverVersion: 2.39.562718 (9a2698cba08cf5..., userDataDir: C:\Users\PANTHE~1\AppData\L...}, cssSelectorsEnabled: true, databaseEnabled: false, handlesAlerts: true, hasTouchScreen: false, javascriptEnabled: true, locationContextEnabled: true, mobileEmulationEnabled: false, nativeEvents: true, networkConnectionEnabled: false, pageLoadStrategy: normal, platform: XP, platformName: XP, rotatable: false, setWindowRect: true, takesHeapSnapshot: true, takesScreenshot: true, unexpectedAlertBehaviour: , unhandledPromptBehavior: , version: 67.0.3396.99, webStorageEnabled: true}
Session ID: f1f0e58811e7acdc68909a298668a7e2
*** Element info: {Using=css selector, value=.override-options :last-child label}"
"chrome","07/05/2018 10:20:12","no such element: Unable to locate element: {"method":"css selector","selector":"tbody.v-treegrid-body td"}
  (Session info: chrome=67.0.3396.99)
  (Driver info: chromedriver=2.39.562718 (9a2698cba08cf5a471a29d30c8b3e12becabb0e9),platform=Windows NT 6.3.9600 x86_64) (WARNING: The server did not provide any stacktrace information)
Command duration or timeout: 0 milliseconds
For documentation on this error, please visit: http://seleniumhq.org/exceptions/no_such_element.html
Build info: version: '3.12.0', revision: '7c6e0b3', time: '2018-05-08T14:04:26.12Z'
System info: host: 'LNDN-DEMO', ip: '172.50.50.1', os.name: 'Windows Server 2012 R2', os.arch: 'amd64', os.version: '6.3', java.version: '1.8.0_152'
Driver info: org.openqa.selenium.chrome.ChromeDriver
Capabilities {acceptInsecureCerts: false, acceptSslCerts: false, applicationCacheEnabled: false, browserConnectionEnabled: false, browserName: chrome, chrome: {chromedriverVersion: 2.39.562718 (9a2698cba08cf5..., userDataDir: C:\Users\PANTHE~1\AppData\L...}, cssSelectorsEnabled: true, databaseEnabled: false, handlesAlerts: true, hasTouchScreen: false, javascriptEnabled: true, locationContextEnabled: true, mobileEmulationEnabled: false, nativeEvents: true, networkConnectionEnabled: false, pageLoadStrategy: normal, platform: XP, platformName: XP, rotatable: false, setWindowRect: true, takesHeapSnapshot: true, takesScreenshot: true, unexpectedAlertBehaviour: , unhandledPromptBehavior: , version: 67.0.3396.99, webStorageEnabled: true}
Session ID: ba4736b9a373d48b3bb83f1489628beb
*** Element info: {Using=css selector, value=tbody.v-treegrid-body td}"
"ie","07/05/2018 10:24:21","Element not clickable at point (920,40). Other element would receive the click: <div class="v-window-modalitycurtain" style="z-index: 10000;"></div>
Build info: version: '3.12.0', revision: '7c6e0b3', time: '2018-05-08T14:04:26.12Z'
System info: host: 'LNDN-DEMO', ip: '172.50.50.1', os.name: 'Windows Server 2012 R2', os.arch: 'amd64', os.version: '6.3', java.version: '1.8.0_152'
Driver info: org.openqa.selenium.ie.InternetExplorerDriver
Capabilities {acceptInsecureCerts: false, browserName: internet explorer, browserVersion: 11, javascriptEnabled: true, pageLoadStrategy: normal, platform: WINDOWS, platformName: WINDOWS, proxy: Proxy(), se:ieOptions: {browserAttachTimeout: 0, elementScrollBehavior: 0, enablePersistentHover: true, ie.browserCommandLineSwitches: , ie.ensureCleanSession: false, ie.fileUploadDialogTimeout: 3000, ie.forceCreateProcessApi: false, ignoreProtectedModeSettings: false, ignoreZoomSetting: false, initialBrowserUrl: https://clinicalconnect.ca/..., nativeEvents: true, requireWindowFocus: false}, setWindowRect: true, timeouts: {implicit: 0, pageLoad: 300000, script: 30000}}
Session ID: 0f1c8901-4c0c-4267-9db6-7c4929aa85ca"
"ie","07/05/2018 13:11:26","Unable to find element with css selector == .override-options :last-child label
For documentation on this error, please visit: http://seleniumhq.org/exceptions/no_such_element.html
Build info: version: '3.12.0', revision: '7c6e0b3', time: '2018-05-08T14:04:26.12Z'
System info: host: 'LNDN-DEMO', ip: '172.50.50.1', os.name: 'Windows Server 2012 R2', os.arch: 'amd64', os.version: '6.3', java.version: '1.8.0_152'
Driver info: org.openqa.selenium.ie.InternetExplorerDriver
Capabilities {acceptInsecureCerts: false, browserName: internet explorer, browserVersion: 11, javascriptEnabled: true, pageLoadStrategy: normal, platform: WINDOWS, platformName: WINDOWS, proxy: Proxy(), se:ieOptions: {browserAttachTimeout: 0, elementScrollBehavior: 0, enablePersistentHover: true, ie.browserCommandLineSwitches: , ie.ensureCleanSession: false, ie.fileUploadDialogTimeout: 3000, ie.forceCreateProcessApi: false, ignoreProtectedModeSettings: false, ignoreZoomSetting: false, initialBrowserUrl: https://clinicalconnect.ca/..., nativeEvents: true, requireWindowFocus: false}, setWindowRect: true, timeouts: {implicit: 0, pageLoad: 300000, script: 30000}}
Session ID: e2dab6a4-436b-4ec3-b70c-11dc133f3c89
*** Element info: {Using=css selector, value=.override-options :last-child label}"
"chrome","07/05/2018 13:27:30","no such element: Unable to locate element: {"method":"css selector","selector":"tbody.v-treegrid-body td"}
  (Session info: chrome=67.0.3396.99)
  (Driver info: chromedriver=2.39.562718 (9a2698cba08cf5a471a29d30c8b3e12becabb0e9),platform=Windows NT 6.3.9600 x86_64) (WARNING: The server did not provide any stacktrace information)
Command duration or timeout: 0 milliseconds
For documentation on this error, please visit: http://seleniumhq.org/exceptions/no_such_element.html
Build info: version: '3.12.0', revision: '7c6e0b3', time: '2018-05-08T14:04:26.12Z'
System info: host: 'LNDN-DEMO', ip: '172.50.50.1', os.name: 'Windows Server 2012 R2', os.arch: 'amd64', os.version: '6.3', java.version: '1.8.0_152'
Driver info: org.openqa.selenium.chrome.ChromeDriver
Capabilities {acceptInsecureCerts: false, acceptSslCerts: false, applicationCacheEnabled: false, browserConnectionEnabled: false, browserName: chrome, chrome: {chromedriverVersion: 2.39.562718 (9a2698cba08cf5..., userDataDir: C:\Users\PANTHE~1\AppData\L...}, cssSelectorsEnabled: true, databaseEnabled: false, handlesAlerts: true, hasTouchScreen: false, javascriptEnabled: true, locationContextEnabled: true, mobileEmulationEnabled: false, nativeEvents: true, networkConnectionEnabled: false, pageLoadStrategy: normal, platform: XP, platformName: XP, rotatable: false, setWindowRect: true, takesHeapSnapshot: true, takesScreenshot: true, unexpectedAlertBehaviour: , unhandledPromptBehavior: , version: 67.0.3396.99, webStorageEnabled: true}
Session ID: bc7a434aaa490d68d1f03f17fed62949
*** Element info: {Using=css selector, value=tbody.v-treegrid-body td}"
